Tunnel cluster ID, Priority, Average throughput, Standard deviation
1, 0.7433448579353501, 0.9155833006276873, 0.02955458480760351, 
2, 0.0060700275369470185, 0.6130727812316489, 0.0, 
