Tunnel cluster ID, Priority, Average throughput, Standard deviation
1, 0.416683459753962, 0.833366919507924, 0.04616274292993351, 
2, 0.41408092144791214, 0.8281618428958243, 0.06208938002477355, 
